Category,Name,Price (INR),Discount (%),Rating,Sold By
ref=zg_bs_nav_kitchen_0,Orient Electric Areva Portable Room Heater | 2000W | Two Heating Modes | Advanced Overheat Protection | Horizontal & Vertical Mount | 1-year replacement warranty by Orient | White,1499.00,Not Available,Not Available,Not Available
ref=zg_bs_nav_kitchen_0,Orpat OEH-1220 2000-Watt Fan Heater (White),1249.00,Not Available,Not Available,Not Available
ref=zg_bs_nav_kitchen_0,"Amazon Brand - Presto! Garbage Bags Medium 180 Count|19 x 21 inches Black , For Dry & Wet waste|30 bags/roll (Pack of 6)",326.00,Not Available,Not Available,Not Available
ref=zg_bs_nav_kitchen_0,"ATOM Digital Kitchen Food Weighing Scale For Healthy Living, Home Baking, Cooking, Fitness & Balanced Diet. | 1 Year Warranty | 10Kg x 1gms with 2 Batteries Included, SF400/A121, Color May vary",199.00,Not Available,Not Available,Not Available
ref=zg_bs_nav_kitchen_0,"Amazon Brand - Solimo 2000/1000 Watts Room Heater with Adjustable Thermostat (ISI certified, White colour, Ideal for small to medium room/area)",999.00,Not Available,Not Available,Not Available
ref=zg_bs_nav_kitchen_0,Ezee Black Garbage Bags for Dustbin | 90 Pcs | Medium 19 X 21 Inches | 30 Pcs x Pack of 3,159.00,Not Available,Not Available,Not Available
ref=zg_bs_nav_kitchen_0,One94Store 3D Deer Crystal Globe Lamp Creative Engraved Crystal Ball Night Light USB Table LED Wooden Crystal Ball for Home Office Decoration Birthday Gift Adults (Deer 6cm)(Warm White),299.00,Not Available,Not Available,Not Available
ref=zg_bs_nav_kitchen_0,"Pigeon by Stovekraft Amaze Plus Electric Kettle (14289) with Stainless Steel Body, 1.5 litre, used for boiling Water, making tea and coffee, instant noodles, soup etc. (Silver)",599.00,Not Available,Not Available,Not Available
ref=zg_bs_nav_kitchen_0,"AGARO Elite Lint Remover With Power Cord for Woollen Sweaters, Blankets, Jackets/Burr Remover Pill Remover from Carpets, Curtains",379.00,Not Available,Not Available,Not Available
ref=zg_bs_nav_kitchen_0,"Zulaxy Photo Frame Hooks for Wall Without Drilling, 10 Pack Self Adhesive Hooks for Wall Heavy Duty Strong Nail Free for Hanging Photo Frame (Hanging Hook, Transparent) Stainless Steel",274.00,Not Available,Not Available,Not Available
ref=zg_bs_nav_kitchen_0,"MILTON Aura 1000 Thermosteel Bottle, 1050 ml Water Bottles, 24 Hours Hot and Cold, Easy to Carry, Easy Grip, Rust Proof, Tea, Coffee, Office, Travel Bottle, Black",932.00,Not Available,Not Available,Not Available
ref=zg_bs_nav_kitchen_0,"Milton Thermosteel Flip Lid Flask, 1000 milliliters, Silver",964.00,Not Available,Not Available,Not Available
ref=zg_bs_nav_kitchen_0,"Amazon Brand - Presto! Garbage Bags Large 90 Count|24 x 32 Inches Black , For Dry & Wet waste|15 bags/roll (Pack of 6)",325.00,Not Available,Not Available,Not Available
ref=zg_bs_nav_kitchen_0,"HomeStrap Set Of 6 Non-Woven Printed Saree Cover/Cloth Storage/Wardrobe Organizer For Clothes With Transparent Window(Grey)(Shark Tank Featured),45 Cm,22 Cm",349.00,Not Available,Not Available,Not Available
ref=zg_bs_nav_kitchen_0,Indian Karigar Santa Cap Plush Fur Christmas Cap Unisex Santa Hat for Adult & Kids Comfortable Soft Free Size Santa Clause Hat Cap Christmas Decorations Items Christmas Decor Santa Caps Set of 1 Red,179.00,Not Available,Not Available,Not Available
ref=zg_bs_nav_kitchen_0,"Wakefit 100% Waterproof Premium Cotton Mattress Protector | Breathable and Hypoallergenic Ultra Soft Fitted Bed Protector 78""x72"" - King, Grey",1048.00,Not Available,Not Available,Not Available
ref=zg_bs_nav_kitchen_0,"Misamo Enterprise PVC Wall Hooks, Pack of 15, Transparent",189.00,Not Available,Not Available,Not Available
ref=zg_bs_nav_kitchen_0,Bajaj Immersion 1500 Watts Water Heater Rod | Nickel Plated Heating| Copper | ISI Certified | 2 Years Warranty | Silver,599.00,Not Available,Not Available,Not Available
ref=zg_bs_nav_kitchen_0,Shalimar Premium Garbage Bags (Lavender Fragrance) Size 19 X 21 Inches (Medium) 120 Bags (4 Rolls) Dustbin Bag/Trash Bag - Black Color,299.00,Not Available,Not Available,Not Available
ref=zg_bs_nav_kitchen_0,"Desidiya® 2.5m Reindeer LED Curtain String Lights - 8 Flashing Modes, Warm White Festive Window Curtain Lights for Christmas Décor and Holiday Ambiance",599.00,Not Available,Not Available,Not Available
ref=zg_bs_nav_kitchen_0,ALOXE Cosmetic Organizer Box Drawers Storage Plastic Stationary Box | Make Up Organiser For Women,198.00,Not Available,Not Available,Not Available
ref=zg_bs_nav_kitchen_0,"GO WELL Nova Lint Remover, Fabric Brush, Rechargeable, for Woolen Sweaters, Clothes, Shirts, Jackets, Burr Remover, Pill Remover from Carpets, Curtains.",399.00,Not Available,Not Available,Not Available
ref=zg_bs_nav_kitchen_0,"The Purple Tree Christmas Reindeer LED Curtain Lights -2.5 M (Pack of 1) Warm White, Lights for Christmas, Christmas Lights, Led Curtain Light, Festive Light,",549.00,Not Available,Not Available,Not Available
ref=zg_bs_nav_kitchen_0,"Milton Euroline Go Electro 2.0 Stainless Steel Electric Kettle, 1 Piece, 2 Litre, Silver, Power Indicator, 1500 Watts, Auto Cut-off, Detachable 360 Degree Connector, Boiler for Water, Instant Noodles",799.00,Not Available,Not Available,Not Available
ref=zg_bs_nav_kitchen_0,"Trance 100% Waterproof Premium Cotton Feel Mattress Protector King Size, 78x72 Inches | Breathable and Hypoallergenic Ultra Soft Fitted Bed Protector Cover (78""x72"" Fits Upto 10 Inches - King, Grey",669.00,Not Available,Not Available,Not Available
ref=zg_bs_nav_kitchen_0,Amazon Basics Electric Egg Boiler | 3 Boiling Modes | Automatic Operation | Overheat Protection|75ml|Plastic|White,369.00,Not Available,Not Available,Not Available
ref=zg_bs_nav_kitchen_0,"Pigeon 1.5 litre Hot Kettle and Stainless Steel Water Bottle Combo used for boiling Water, Making Tea and Coffee, Instant Noodles, Soup with Auto Shut- off Feature",699.00,Not Available,Not Available,Not Available
ref=zg_bs_nav_kitchen_0,"nutripro Copper Juicer Mixer Grinder - Smoothie Maker - 500 Watts (3 Jars, Silver) - 2 Year Warranty",1799.00,Not Available,Not Available,Not Available
ref=zg_bs_nav_kitchen_0,"Desidiya 12 Stars 138 Led Curtain String Lights Window Curtain Lights with 8 Flashing Modes Decoration for Christmas, Wedding, Party, Home, Patio Lawn Warm White (138 Led-Star, Copper, Pack of 1)",399.00,Not Available,Not Available,Not Available
ref=zg_bs_nav_kitchen_0,Trident 100% Cotton Towels for Bath | Towels for Bath Large Size Bath Towel - Soft & Absorbent | 450 GSM | 1 Piece Bath Towel for Men/Women | Urban Comfort | 70 cms x 140 cms - New Navy,349.00,Not Available,Not Available,Not Available
ref=zg_bs_nav_kitchen_0,"Milton Glassy 1000 Thermosteel 24 Hours Hot and Cold Water Bottle with Drinking Cup Lid, 1 Litre, Purple",999.00,Not Available,Not Available,Not Available
ref=zg_bs_nav_kitchen_0,"TEKCOOL 35 Feet Long LED Power Pixel Serial String Light, 360 Degree Light in Bulb | Copper Led Pixel String Light for Home Decoration,Diwali,Christmas(Multi) Pack of 1",147.00,Not Available,Not Available,Not Available
ref=zg_bs_nav_kitchen_0,"Cookwell Bullet Mixer Grinder (5 Jars, 3 Blades, Silver) - Copper, 600 Watts - 2 Year Warranty",2199.00,Not Available,Not Available,Not Available
ref=zg_bs_nav_kitchen_0,Pexpo Electro Pro 24 Hrs Hot & Cold ISI Certified | Stainless Steel Water Bottle - 1000ml Denim Blue | Thermoflask | Office Bottle | Workout | Travelling | Home | Limited RCB Edition,769.00,Not Available,Not Available,Not Available
ref=zg_bs_nav_kitchen_0,"Pigeon by Stovekraft Cruise 1800 watt Induction Cooktop With Crystal Glass,7 Segments LED Display, Auto Switch Off - Black",1299.00,Not Available,Not Available,Not Available
ref=zg_bs_nav_kitchen_0,Go well Solid Satin Silk Pillow Covers Pack of 2 for Hair & Skin-with Satin Scrunchies for Women Stylish|scrunchies for Women 3-Piece|Silk Pillow case(Rose taupe)600TC,265.00,Not Available,Not Available,Not Available
ref=zg_bs_nav_kitchen_0,"Butterfly Premium Vegetable Chopper 900 Ml, Blue",298.00,Not Available,Not Available,Not Available
ref=zg_bs_nav_kitchen_0,"Havells Electric Kettle Aqua Plus 1250 Watts 1.2 liters , Double Layered Cool Touch Outer Body | 304 Rust Resistant SS Inner Body with Auto Shut Off | Wider Mouth | 2 Yr Manufacturer Warranty (Black)",1449.00,Not Available,Not Available,Not Available
ref=zg_bs_nav_kitchen_0,Cello Puro Steel-X Benz 900 | Leak Proof| Wide Mouth & Easy to Open | Insulated Inner Steel Water Bottle | 730ml | Turquoise,299.00,Not Available,Not Available,Not Available
ref=zg_bs_nav_kitchen_0,Orient Electric Arc Plus 1.5kw |Immersion water heater|100% shock proof body|Heavy copper element|With Bucket clip| ISI certified | 2 years replacement warranty,609.00,Not Available,Not Available,Not Available
ref=zg_bs_nav_kitchen_0,Longway Magma 2000/1000 W Fan Room Heater With ISI Approved (White),799.00,Not Available,Not Available,Not Available
ref=zg_bs_nav_kitchen_0,"NYRWANA Coffee Mug, Birthday Gift, Cups and Mugs, Mugs for Gift, Ceramic Mug, Coffee Mug with Lid, Cute Mugs with Lid & Spoon, 3D Creative Space and Astronaut Planet Coffee Mug (400ml - Dark Blue)",499.00,Not Available,Not Available,Not Available
ref=zg_bs_nav_kitchen_0,"Storite 2 Pack Moisture Proof Nylon Large Size Underbed Storage Bag For Clothes (54 x 46 x 28 cm) - Black, Rectangular",499.00,Not Available,Not Available,Not Available
ref=zg_bs_nav_kitchen_0,"BSB HOME Polyester Micromink Summer Ac/Mild Winter/Heavy Winter Sherpa Blanket Super Soft Flannel Solid/Plain, Blue & Grey, Size 150 X 228 Cms (Approx 4X7 Ft) (Single), 200 TC",999.00,Not Available,Not Available,Not Available
ref=zg_bs_nav_kitchen_0,"Status Contract Anti Slip Front Door Mat|(38x58cm) Living Room Rug for Entrance Door|Polypropylene Floor Mats for Home|Essential Small Rug for Office, Bedroom & Kitchen| (Blue), Rectangular",99.00,Not Available,Not Available,Not Available
ref=zg_bs_nav_kitchen_0,"House of Quirk 1200ML Stainless Steel Tumbler Hot and Cold with Handle and Lid 2 Straw, Double Insulated Cup 100% Leak Proof Mug Cupholder for Gym, Travelling (Cotton Candy Haze)",1249.00,Not Available,Not Available,Not Available
ref=zg_bs_nav_kitchen_0,Amazon Basics Portable Digital Weighing Scale for Kitchen | Electronic Weighing Scale With Back light LCD Display and high precision sensors | Range of 1g-10 kg (Black),369.00,Not Available,Not Available,Not Available
ref=zg_bs_nav_kitchen_0,"BSB HOME 3D Printed 144 TC Microfiber Double Bedsheet with 2 King Size Pillow Covers (Maroon, White and Yellow Checks, 90X90 Inches)",198.00,Not Available,Not Available,Not Available
ref=zg_bs_nav_kitchen_0,"MILTON Super 1000 Stainless Steel Water Bottle, 1000 ml water bottles, Single walled, Leak-Proof, Rust-free Steel Bottle, Easy Grip, Easy to Carry, Travel Bottle, Silver",299.00,Not Available,Not Available,Not Available
ref=zg_bs_nav_kitchen_0,"Odonil Room Air Freshener Spray - 440ml Combo (Pack of 2, 220ml each) | Lavender Mist & Jasmine Fresh | Nature Inspired Fragrance for Home & Office | Long Lasting Fragrance",199.00,Not Available,Not Available,Not Available
ref=zg_bs_nav_kitchen_0,"SOPL-OLIVEWARE Teso Pro Lunch Box with Steel Cutlery, 3 Microwave Safe Inside Steel Containers with BPA free Lids(290ml, 450ml & 600ml), Plastic Pickle Box(130ml), Steel Water Bottle(750ml) - Blue",829.00,Not Available,Not Available,Not Available
ref=zg_bs_nav_kitchen_0,"5 Pack Smart Saver Vacuum Bags for Travel, Space Saver Bags (1 Large/2 Medium/2 Small) Compression Storage Bags for Clothes, Bedding, Pillows, Comforters, Blankets Storage Vacuum Sealer Bags for Clothes Storage, Vaccine Sealed Compression Airtight Reusable Packing Ziplock Bag with Travelling Hand Pump",537.00,Not Available,Not Available,Not Available
ref=zg_bs_nav_kitchen_0,"THE HOME STYLE Cotton Feel Glace Cotton Elastic Fitted Printed King Size Double Bed Bedsheet with 2 Pillow Cover(72""x78"", Pastel Green) , 300 - 350 threadcount",630.00,Not Available,Not Available,Not Available
ref=zg_bs_nav_kitchen_0,Crompton Insta Comfy 800 Watt Room Heater with 2 Heat Settings(Grey Blue),1497.00,Not Available,Not Available,Not Available
ref=zg_bs_nav_kitchen_0,"Pigeon Kessel Multipurpose Kettle (12173) 1.2 litres with Stainless Steel Body, used for boiling Water and milk, Tea, Coffee, Oats, Noodles, Soup etc. 600 Watt (Black & Silver)",849.00,Not Available,Not Available,Not Available
ref=zg_bs_nav_kitchen_0,JIALTO Adhesive wall Hook 10 Pack Heavy Duty Wall Hooks for Hanging Wall Decor items home decor items wall clock hanging hooks Photo Frame Hooks for Wall Without Drilling Nail Hook key holder,199.00,Not Available,Not Available,Not Available
ref=zg_bs_nav_kitchen_0,"Boldfit Water Bottles Stainless Steel Water Bottle 1 Litre Steel Water Bottles for School, Office, Home, Gym 1 Litre Water Bottle for Men Leakproof, Rust free Steel Bottle -1000 ml Water Bottle Black",329.00,Not Available,Not Available,Not Available
ref=zg_bs_nav_kitchen_0,Havells 11 Fin Hestio Straight Fin OFR (Oil Filled Radiator)|Room Heater|2900 W|3 Heat Settings & PTC Fan Heater|Inclined Control Panel|Retractable Wheels| Comfortable Breathing|360° Heating (Black),10499.00,Not Available,Not Available,Not Available
ref=zg_bs_nav_kitchen_0,"Bajaj DX-6 1000W Dry Iron with Advance Soleplate and Anti-bacterial German Coating Technology, White",599.00,Not Available,Not Available,Not Available
ref=zg_bs_nav_shoes_0,DRUNKEN Slipper For Men and Women Flip Flops Hotel Spa Massage Chappal Bedroom Carpet Slippers Sandal,284.00,Not Available,Not Available,Not Available
ref=zg_bs_nav_shoes_0,ASIAN Men's Wonder-13 Sports Running Shoes…,549.00,Not Available,Not Available,Not Available
ref=zg_bs_nav_shoes_0,Sparx Men's Slippers,250.00,Not Available,Not Available,Not Available
ref=zg_bs_nav_shoes_0,DOCTOR EXTRA SOFT Doctor Ortho Slippers for Women.,399.00,Not Available,Not Available,Not Available
ref=zg_bs_nav_shoes_0,"AIRSON AL-5 Slipper for Women | Orthopedic, Diabetic, Pregnancy | Soft Doctor Anti-Skid Slipper for Women |Slides, Flip-Flops, Slippers, Chappals | For Ladies and Girls",329.00,Not Available,Not Available,Not Available
ref=zg_bs_nav_shoes_0,DOCTOR HEALTH SUPER SOFT Women's Flip-Flops Slippers | Flip-Flops | Women's & Girl's Slippers | Comfortable & Lightweight | Soft Foot Massager | All Day Wear Flip-Flops Slipper,699.00,Not Available,Not Available,Not Available
ref=zg_bs_nav_shoes_0,DOCTOR EXTRA SOFT Doctor Slippers for Women Orthopedic Diabetic Pregnancy Non Slip Lightweight Comfortable Flat Casual Stylish Dr Chappals and House Flip flops For Ladies and Girl’s D-22,349.00,Not Available,Not Available,Not Available
ref=zg_bs_nav_shoes_0,FLITE Men's Flip Flops Thong Slippers,219.00,Not Available,Not Available,Not Available
ref=zg_bs_nav_shoes_0,Lavie Women's Ushawu Small Satchel Bag | Ladies Purse Handbag,898.00,Not Available,Not Available,Not Available
ref=zg_bs_nav_shoes_0,Dr.Ortho Orthopedic Slippers | Acupressure Slippers | Flip-Flops | For Men & Women's Slippers,379.00,Not Available,Not Available,Not Available
ref=zg_bs_nav_shoes_0,Fargo Leatherette Side White Sling Bags For Women's Ladies,99.00,Not Available,Not Available,Not Available
ref=zg_bs_nav_shoes_0,"DOCTOR EXTRA SOFT Flexible Memory Foam Women's Shoes for Walking Gym Training,Casual, Sports,Slip-On,Lightweight Lace up Athletics Slipon Running Sneaker for Ladies and Girls",854.00,Not Available,Not Available,Not Available
ref=zg_bs_nav_shoes_0,Campus Men's North Running Shoe,1199.00,Not Available,Not Available,Not Available
ref=zg_bs_nav_shoes_0,DOCTOR EXTRA SOFT Men's Classic Ultra Soft Sliders/Slippers with Cushion FootBed for Adult | Comfortable & Light Weight | Stylish & Anti-Skid | Waterproof & Everyday Flip Flops for Gents/Boys D-504,695.00,Not Available,Not Available,Not Available
ref=zg_bs_nav_shoes_0,FLITE Women's Fl0366l Slippers,174.00,Not Available,Not Available,Not Available
ref=zg_bs_nav_shoes_0,Liberty Boys Gola-schv School Uniform Shoe,599.00,Not Available,Not Available,Not Available
ref=zg_bs_nav_shoes_0,Bata 8216 Boss-Grip Black Derby Shoes for Men|Birthday Parties|Family Gatherings|School Performances|Flexible|Other Occasions,760.00,Not Available,Not Available,Not Available
ref=zg_bs_nav_shoes_0,Lavie Women's Betula Medium Tote Bag | Ladies Purse Handbag,868.00,Not Available,Not Available,Not Available
ref=zg_bs_nav_shoes_0,DOCTOR EXTRA SOFT Womens D-19 slipper,399.00,Not Available,Not Available,Not Available
ref=zg_bs_nav_shoes_0,Bata Women's ORTHO COMFIT LADIES Slippers,199.00,Not Available,Not Available,Not Available
ref=zg_bs_nav_shoes_0,SPARX Mens Sm 675 Walking Shoe,799.00,Not Available,Not Available,Not Available
ref=zg_bs_nav_shoes_0,TCCO Natural Sneaker & Shoe Cleaner Wipes - 1 Packs of 80 - Portable Sneakers Cleaner Shoe Wipes Quickly Remove Dirt & Stains - These Disposable Shoe Cleaning Wipes Can Be Used On Footwear,269.00,Not Available,Not Available,Not Available
ref=zg_bs_nav_shoes_0,Campus Women's Kurstin Walking Shoe,934.00,Not Available,Not Available,Not Available
ref=zg_bs_nav_shoes_0,"Frido Dual Gel Heavy Duty Trimmable Insoles, For Loose Shoes or Replacing Existing Insoles, Thick Shoe Inserts, Extra Comfort and Support, Proudly Made in India, (Size 8-13 UK) - Pack of 1 Pair",678.00,Not Available,Not Available,Not Available
ref=zg_bs_nav_shoes_0,Campus Mens Oxyfit (N) Walking Shoes,729.00,Not Available,Not Available,Not Available
ref=zg_bs_nav_shoes_0,Bacca Bucci FLAME Original 7-Eye Moto Inspired Mild water proof High top ankle Snow boots for Men,1709.00,Not Available,Not Available,Not Available
ref=zg_bs_nav_shoes_0,ASIAN Men's TARZAN-11 Casual Sneaker Shoes with Synthetic Upper Lightweight Comfortable Mid Top Sneaker Shoes for Men's & Boy's,729.00,Not Available,Not Available,Not Available
ref=zg_bs_nav_shoes_0,YOHO Bubbles Women Ortho slippers | Soft comfortable and stylish flip flop slippers for Women in exciting colors |Lightweight | Anti Skid | Daily Use Chappal,490.00,Not Available,Not Available,Not Available
ref=zg_bs_nav_shoes_0,ZOUK Printed Women's Hand Crafted Vegan Leather Flap Sling Bag,789.00,Not Available,Not Available,Not Available
ref=zg_bs_nav_shoes_0,"Nivia Flash 2.0 Badminton Shoes for Men | Your Go-to Shoe for Pickleball, Padel, and All Court Sports | Badminton Sports Shoes | (Blue/White/Sky Blue)",949.00,Not Available,Not Available,Not Available
ref=zg_bs_nav_shoes_0,ADISA Unicorn Toddler Bag Princess Fur Crossbody Handbags Gift for Girls,291.00,Not Available,Not Available,Not Available
ref=zg_bs_nav_shoes_0,"VRITRAZ Plush Winter Slipper, House Slipper, Flat Chappal, Warm Slippers For Boys and Mens",649.00,Not Available,Not Available,Not Available
ref=zg_bs_nav_shoes_0,DOCTOR EXTRA SOFT Women's Classic Ultra Soft Sliders/Slippers with Cushion FootBed for Adult | Comfortable & Light Weight| Stylish & Anti-Skid| Waterproof & Everyday Flip Flops for Ladies/Girls D-508,599.00,Not Available,Not Available,Not Available
ref=zg_bs_nav_shoes_0,"ASIAN F-04 Running Shoes,Gym Shoes,Training Shoes,Walking Shoes,Sports Shoes for Men…",579.00,Not Available,Not Available,Not Available
ref=zg_bs_nav_shoes_0,"Cherry Blossom Sports Shoe Cleaner With Free Brush - 75Ml | Cleans All Non-Leather Shoes In Minutes, White",129.00,Not Available,Not Available,Not Available
ref=zg_bs_nav_shoes_0,ATHCO Mens Akron Memory Foam Comfort Shoes|Running|Walking|Training|Gym|Jogging|Sneaker|Athletic|Laceup|Flexible|Lightweight|Dailyuse|Sports|Casual|ExtraSoft|Fitness,699.00,Not Available,Not Available,Not Available
ref=zg_bs_nav_shoes_0,Centrino Mens 3392 Causal Shoes | Loafers | Moccasins | Lighweight Slip-On's | Soft Cushioned Insole | Trendy Non Lace-up Deisgn | Stylish & Comfortable,799.00,Not Available,Not Available,Not Available
ref=zg_bs_nav_shoes_0,"SNEAKARE Quick Shoe Cleaning Kit Shoe Cleaner & Medium Bristle Shoe Brush, White Shoe Cleaning Kit, Shoe Cleaner Kit For Sneaker,Sports Shoe Cleaner Foam Spray",299.00,Not Available,Not Available,Not Available
ref=zg_bs_nav_shoes_0,BRUTON Men Sport Shoes | Running Shoes | Casual Walking Shoes | Sneakers,499.00,Not Available,Not Available,Not Available
ref=zg_bs_nav_shoes_0,BRUTON Exclusive Trendy Sports Running Shoes | Casual Shoe | Sneakers for Men's & Boy's,264.00,Not Available,Not Available,Not Available
ref=zg_bs_nav_shoes_0,DOCTOR EXTRA SOFT Men's Classic Casual Clogs/Sandals with Adjustable Back Strap for Adult | Comfortable & Light Weight | Stylish & Anti-Skid | Waterproof & Daily Mules for Gents/Boys D-501,799.00,Not Available,Not Available,Not Available
ref=zg_bs_nav_shoes_0,DOCTOR EXTRA SOFT House Slipper for Women's Care |Orthopaedic | Diabetic | Acupressure | Comfortable | MCR | Flip-Flop Ladies and Girl’s Home Slides for Daily Use D-20,399.00,Not Available,Not Available,Not Available
ref=zg_bs_nav_shoes_0,Fargo Stylish Textured Sling Bag for Women Ladies purse for women & girls,129.00,Not Available,Not Available,Not Available
ref=zg_bs_nav_shoes_0,Wolvesden Women's Home Flip-Flops & Slippers Winter Indoor Non-Slip Soft Fur Home Flip Flop Slides And Slippers Cute Bear Flip Flops for Women,399.00,Not Available,Not Available,Not Available
ref=zg_bs_nav_shoes_0,"DOCTOR EXTRA SOFT Lightweight Memory Foam Women's Shoes | Walking,Gym,Training,Running,Casual,Sports,Athletics| Stylish,Flexible,Comfortable| Slip-On,Loafers,Lace-up,Sneaker for Ladies & Girls D-1004",899.00,Not Available,Not Available,Not Available
ref=zg_bs_nav_shoes_0,BRUTON EVA Lite Sport Shoes Running Shoes for Men- Blue,499.00,Not Available,Not Available,Not Available
ref=zg_bs_nav_shoes_0,SPARX Men's Sport Sandal,698.00,Not Available,Not Available,Not Available
ref=zg_bs_nav_shoes_0,Campus Men's First Running Shoe,1119.00,Not Available,Not Available,Not Available
ref=zg_bs_nav_shoes_0,FLITE Women's Fl0342l Slippers,179.50,Not Available,Not Available,Not Available
ref=zg_bs_nav_shoes_0,DOCTOR EXTRA SOFT Men's Classic Casual Sports Clogs/Sandals with Adjustable Back Strap for Adult | Comfortable & Lightweight| Stylish & Anti-Skid| Waterproof & Everyday Use Mules for Gents/Boys D-513,1299.00,Not Available,Not Available,Not Available
ref=zg_bs_nav_shoes_0,Campus Mens Terminator (N) Running Shoes,1299.00,Not Available,Not Available,Not Available
ref=zg_bs_nav_shoes_0,"DOCTOR EXTRA SOFT Memory Foam Women's Shoes for Walking Gym Training,Casual, Sports,Slip-On,Lightweight Lace up Athletics Slipon Running Sneaker for Ladies and Girls",749.00,Not Available,Not Available,Not Available
ref=zg_bs_nav_shoes_0,"DOCTOR EXTRA SOFT Slipper Care Orthopaedic and Diabetic Super Fit Comfort Doctor Slipper, Dr. Slipper, Flip-Flop, Slides and House Slipper for Men's D-24",499.00,Not Available,Not Available,Not Available
ref=zg_bs_nav_shoes_0,Nike Mens Revolution 7 Men's Road Running Shoes Running Shoes,2808.00,Not Available,Not Available,Not Available
ref=zg_bs_nav_shoes_0,"VISMIINTREND Leather Backpack for Women, Stylish Bags for Girls, Shoulder Purse, Trendy Ladies Hand Bag, Daily Use, Office/Travel/College/Work/Picnic, Birthday Gift for Wife/Sister, Latest",1399.00,Not Available,Not Available,Not Available
ref=zg_bs_nav_shoes_0,Campus Mens Shuttle Walking Shoe,749.00,Not Available,Not Available,Not Available
ref=zg_bs_nav_shoes_0,ADISA Women's Girls Cross Body Sling Bag with Pouch,499.00,Not Available,Not Available,Not Available
ref=zg_bs_nav_shoes_0,VRITRAZ Women's Comfort Slip On Closed Toe Warm Winter House Clog Indoor Slipper,649.00,Not Available,Not Available,Not Available
ref=zg_bs_nav_shoes_0,"ASIAN Men's Thar-01 Sports Running,Walking & Gym Shoes with Eva Sole Extra Jump Casual Sneaker Shoes for Men's & Boy's",699.00,Not Available,Not Available,Not Available
ref=zg_bs_nav_computers_0,"Ambrane Unbreakable 3A Fast Charging 1.5m Braided Type C Cable for Smartphones, Tablets & other Type C devices, 480Mbps Data Sync, Quick Charge 3.0 (RCT15A, Black)",179.00,Not Available,Not Available,Not Available
ref=zg_bs_nav_computers_0,"FUR JADEN Anti Theft Number Lock Backpack Bag with 15.6 Inch Laptop Compartment, USB Charging Port & Organizer Pocket for Men Women Boys Girls",649.00,Not Available,Not Available,Not Available
ref=zg_bs_nav_computers_0,STRIFF Adjustable Laptop Tabletop Stand Patented Riser Ventilated Portable Foldable Compatible with MacBook Notebook Tablet Tray Desk Table Book with Free Phone Stand (Black),279.00,Not Available,Not Available,Not Available
ref=zg_bs_nav_computers_0,"Dyazo 6 Angles Adjustable Aluminum Ergonomic Foldable Portable Tabletop Laptop/Desktop Riser Stand Holder Compatible for MacBook, HP, Dell, Lenovo & All Other Notebook (Silver)",399.00,Not Available,Not Available,Not Available
ref=zg_bs_nav_computers_0,"Logitech M186 Wireless Mouse, 2.4GHz with USB Mini Receiver, 12-Month Battery Life, 1000 DPI Optical Tracking, Ambidextrous, Compatible with PC, Mac, Laptop",495.00,Not Available,Not Available,Not Available
ref=zg_bs_nav_computers_0,"TP-Link AC750 Wifi Range Extender | Up to 750Mbps | Dual Band WiFi Extender, Repeater, Wifi Signal Booster, Access Point| Easy Set-Up | Extends Wifi to Smart Home & Alexa Devices (RE200)",1799.00,Not Available,Not Available,Not Available
ref=zg_bs_nav_computers_0,"Portronics Toad 23 Wireless Optical Mouse with 2.4GHz, USB Nano Dongle, Optical Orientation, Click Wheel, Adjustable DPI(Black)",290.00,Not Available,Not Available,Not Available
ref=zg_bs_nav_computers_0,"Safari Omega spacious/large laptop backpack with Raincover, college bag, travel bag for men and women, Black, 30 Litre",649.00,Not Available,Not Available,Not Available
ref=zg_bs_nav_computers_0,"Dell MS116 Wired Optical Mouse, 1000DPI, LED Tracking, Scrolling Wheel, Plug and Play",309.00,Not Available,Not Available,Not Available
ref=zg_bs_nav_computers_0,"HP v236w USB 2.0 64GB Pen Drive,",399.00,Not Available,Not Available,Not Available
ref=zg_bs_nav_computers_0,"amazon basics Multi Angle Desktop Foldable Stand Tablet/Mobile Stand Holder for iPhone, Android, Samsung, OnePlus, Xiaomi, Smartphones. Portable, for Your Bed,Home, Office, Home (Black)",99.00,Not Available,Not Available,Not Available
ref=zg_bs_nav_computers_0,"Portronics Toad One Bluetooth Mouse with 2.4 GHz & BT 5.3 Dual Wireless, 6 Buttons, Rechargeable, RGB Lights, Connect 3 Devices, Ergonomic Design for Laptop, Smartphone, Tablet (Black)",599.00,Not Available,Not Available,Not Available
ref=zg_bs_nav_computers_0,"Mi Xiaomi 33W Fast Charging Cable USB C Quick Charge 4.0 Soniccharge Cord Compatible withMi, Redmi, iPhone 15 Pro Samsung Galaxy Android Phone Laptop PD Charger Cable (White)",219.00,Not Available,Not Available,Not Available
ref=zg_bs_nav_computers_0,"Zebronics Zeb-Power Wired USB Mouse, 3-Button, 1200 DPI Optical Sensor, Plug & Play, for Windows/Mac",179.00,Not Available,Not Available,Not Available
ref=zg_bs_nav_computers_0,"Ambrane Unbreakable 60W Fast Charging 1.5M Braided Type C to Type C Cable for Smartphones, Tablets, Laptops & Other Type C Devices, PD Technology, 480Mbps Data Sync (RCTT15, Black)",199.00,Not Available,Not Available,Not Available
ref=zg_bs_nav_computers_0,HUMBLE® Spiral Charger Cable Protector Data Cable Saver Charging Cord Protective Cable Cover (25 Pieces),99.00,Not Available,Not Available,Not Available
ref=zg_bs_nav_computers_0,STRIFF World Map Extended Size (800 mm x 300 mm x 2 mm) Gaming Mouse Pad| Desk Mat | Stitched Edges| Non-Slip Rubber Base|Computer Laptop|Keyboard Mouse Pad for Office & Home (World Map),209.00,Not Available,Not Available,Not Available
ref=zg_bs_nav_computers_0,"Wayona Nylon Braided USB to Lightning Fast Charging and Data Sync Cable Compatible for iPhone 14,13, 12,11,X, 8, 7, 6, 5, iPad Air, Pro, Mini (3 FT Pack of 1, Grey)",399.00,Not Available,Not Available,Not Available
ref=zg_bs_nav_computers_0,Canon PIXMA PG47 Black Ink Cartridge,719.00,Not Available,Not Available,Not Available
ref=zg_bs_nav_computers_0,"Seagate Expansion 1TB External HDD - USB 3.0 for Windows and Mac with 3 yr Data Recovery Services, Portable Hard Drive (STKM1000400)",5149.00,Not Available,Not Available,Not Available
ref=zg_bs_nav_computers_0,"Apple MacBook Air Laptop: Apple M1 chip, 13.3-inch/33.74 cm Retina Display, 8GB RAM, 256GB SSD Storage, Backlit Keyboard, FaceTime HD Camera, Touch ID. Works with iPhone/iPad; Space Grey",56990.00,Not Available,Not Available,Not Available
ref=zg_bs_nav_computers_0,"Dyazo Water Resistant Laptop Sleeve with Handle Compatible for 15 Inch to 15.6"" Inches laptops & Notebooks - Grey",299.00,Not Available,Not Available,Not Available
ref=zg_bs_nav_computers_0,"Dell KB216-Black Multimedia Wired Keyboard with USB Interface, Plunger Keys Technology and Chiclet Key Style, Hot Key-Volume, Mute, Play/Pause, Backward, Forward, Warranty 1 Year.",559.00,Not Available,Not Available,Not Available
ref=zg_bs_nav_computers_0,HP 805 Black Original Ink Cartridge,594.00,Not Available,Not Available,Not Available
ref=zg_bs_nav_computers_0,"Amazon Basics Foldable Laptop Table with Cup Holder, Tablet Groove and Mini Drawer (Black)",599.00,Not Available,Not Available,Not Available
ref=zg_bs_nav_computers_0,"Portronics Konnect X 60W Type C to Type C Unbreakable Nylon Braided Cable, 2M Fast Charging Cable for iPhone 15 series, iPad, Samsung Galaxy & other Type C Devices(White)",198.00,Not Available,Not Available,Not Available
ref=zg_bs_nav_computers_0,"SanDisk Ultra Flair 64GB USB 3.0 Pen Drive, Multicolor",449.00,Not Available,Not Available,Not Available
ref=zg_bs_nav_computers_0,"Duracell Usb-A To Type C, 65W Braided Sync & Fast Charging Cable, 3.9 Feet (1.2M), Qc 2.0/3.0 Ultra Fast Charging, For Samsung, Mi, Realme, Oppo, One Plus, Seamless Data Transmission, Series 3, Black",358.00,Not Available,Not Available,Not Available
ref=zg_bs_nav_computers_0,"ZEBRONICS PHERO Wired Gaming Mouse with up to 1600 DPI, Rainbow LED Lights, DPI Switch, High Precision, Plug & Play, 4 Buttons",199.00,Not Available,Not Available,Not Available
ref=zg_bs_nav_computers_0,"amazon basics Type A to Micro USB Braided Cable | 3A/18W Fast Charging and 480 Mbps Data Transfer Speed | 1.2m, Tangle Free Cable",109.00,Not Available,Not Available,Not Available
ref=zg_bs_nav_computers_0,"boAt Type C A325/A320 Tangle-free, Sturdy Type C Cable with 3A Rapid Charging & 480 Mbps Data Transmission Speed, Compatible with Smartphones & Tablets(Black)",199.00,Not Available,Not Available,Not Available
ref=zg_bs_nav_computers_0,"Zebronics-NS1000 Laptop Stand Featuring Foldable Design, Anti-Slip Silicone Rubber Pads, Supports Maximum of 5kgs Weight, 6 Adjustable Levels.",229.00,Not Available,Not Available,Not Available
ref=zg_bs_nav_computers_0,Zebronics Zeb-Companion 107 USB Wireless Keyboard and Mouse Set with Nano Receiver (Black),549.00,Not Available,Not Available,Not Available
ref=zg_bs_nav_computers_0,"Tygot Portable Laptop Stand with Adjustable Height, Foldable, OverHeating Protection for Laptops & MacBooks (Grey)",299.00,Not Available,Not Available,Not Available
ref=zg_bs_nav_computers_0,"Portronics Toad 101 Wired Optical Mouse with 1200 DPI, Plug & Play, Hi-Optical Tracking, 1.25M Cable Length, 30 Million Click Life(Black)",127.00,Not Available,Not Available,Not Available
ref=zg_bs_nav_computers_0,"TP-LINK WiFi Dongle 300 Mbps Mini Wireless Network USB Wi-Fi Adapter for PC Desktop Laptop(Supports Windows 11/10/8.1/8/7/XP, Mac OS 10.9-10.15 and Linux, WPS, Soft AP Mode, USB 2.0) (TL-WN823N),Black",599.00,Not Available,Not Available,Not Available
ref=zg_bs_nav_computers_0,USB C to Lightning Cable 1M [Apple MFi Certified] iPhone Fast Charger Cable USB-C Power Delivery Charging Cord for iPhone 14/13/12/12 PRO Max/12 Mini/11/11PRO/XS/Max/XR/X/iPad (Pack of 1),664.00,Not Available,Not Available,Not Available
ref=zg_bs_nav_computers_0,"Ambrane Type-C to Lightning Cable, 22.5W Fast Charging, 480Mbps Data Sync Cable Compatible with iPhone, iPad, Macbook, iMac, AirPods, 1.25m (ABTL-125 Black)",199.00,Not Available,Not Available,Not Available
ref=zg_bs_nav_computers_0,Epson 003 65 ml for EcoTank L1110/L3100/L3101/L3110/L3115/L3116/L3150/L3151/L3152/L3156/L5190 Black Ink Bottle,399.00,Not Available,Not Available,Not Available
ref=zg_bs_nav_computers_0,"ZEBRONICS Zeb-Jaguar Wireless Mouse, 2.4GHz with USB Nano Receiver, High Precision Optical Tracking, 4 Buttons, Plug & Play, Ambidextrous, for PC/Mac/Laptop (Black+Grey)",288.00,Not Available,Not Available,Not Available
ref=zg_bs_nav_computers_0,"AVZEEGO Study Table for Students Bed Table for Study Foldable Laptop Table Portable & Lightweight Mini Table Bed Reading Table,Laptop Stands, Laptop Desk (Laptop Desk)",439.00,Not Available,Not Available,Not Available
ref=zg_bs_nav_computers_0,Zebronics ZEB-KM2100 Multimedia USB Keyboard Comes with 114 Keys Including 12 Dedicated Multimedia Keys & with Rupee Key,249.00,Not Available,Not Available,Not Available
ref=zg_bs_nav_computers_0,"SanDisk Ultra Dual Drive Go usb3.0 Type C Pendrive for Mobile (Black, 64 GB, 5Y - SDDDC3-064G-I35)",699.00,Not Available,Not Available,Not Available
ref=zg_bs_nav_computers_0,"Dell WM118 Wireless Mouse, 1000DPI, 2.4 Ghz with USB Nano Receiver, Optical Tracking, 12-Months Battery Life, Plug and Play, Ambidextrous - Black",649.00,Not Available,Not Available,Not Available
ref=zg_bs_nav_computers_0,"Ambrane USB to Lightning 3A Fast Charging Braided Cable Compatible for iPhone 14,13, 12,11, X, 8, 7, 6, 5, iPad, Macbook, iMac, AirPods, 480Mbps Data Sync, 1.5Meter Long (RCL -15, Black)",179.00,Not Available,Not Available,Not Available
ref=zg_bs_nav_computers_0,"Portronics Toad 33 Wireless Mouse with 2.4 GHz Wireless Receiver, Adjustable Sensitivity, Ergonomic Design, for Laptops, Desktops PC, Mac (Black)",249.00,Not Available,Not Available,Not Available
ref=zg_bs_nav_computers_0,"Zebronics-NS1500 Laptop Stand Featuring Foldable Design, Anti-Slip Silicone Rubber Pads, Supports Maximum of 5kgs Weight Tabletop",299.00,Not Available,Not Available,Not Available
ref=zg_bs_nav_computers_0,"ZEBRONICS 180HB USB HUB, 3 Ports, USB 3.0, Transfer Speeds Upto 5 Gbps, Lightweight Design, Multi OS Compatible, Plug and Play",178.00,Not Available,Not Available,Not Available
ref=zg_bs_nav_computers_0,"TP-Link USB Bluetooth Adapter for PC, 5.3 Bluetooth Dongle Receiver (UB500) Supports Windows 11/10/8.1/7 for Desktop, Laptop, Mouse, Keyboard, Printers, Headsets, Speakers, PS4/ Xbox Controllers.",599.00,Not Available,Not Available,Not Available
ref=zg_bs_nav_computers_0,"Sounce HDMI to VGA Gold Plated High-Speed 1080P Active HDTV HDMI to VGA Adapter Converter Male to Female with Audio and Micro USB Charging Cable, (Black)",149.00,Not Available,Not Available,Not Available
ref=zg_bs_nav_computers_0,SanDisk Cruzer Blade 64GB USB 2.0 Flash Drive,399.00,Not Available,Not Available,Not Available
ref=zg_bs_nav_computers_0,"ZEBRONICS Newly Launched Blanc Slim Wireless Mouse with Rechargeable Battery, BT + 2.4GHz, 4 Buttons, 800/1200/1600 DPI, Silent Operation, Multicolor LED Lights",499.00,Not Available,Not Available,Not Available
ref=zg_bs_nav_computers_0,"Sounce 2.5"" SATA SSD Enclosure Transparent Case, USB 3.0 to SATA Tool-Free External Hard Disk Case with Fast Transfer Speed Up to 5 Gbps & Up to 4TB Storage Capacity Compatible with 2.5 SATA SSD / HDD",299.00,Not Available,Not Available,Not Available
ref=zg_bs_nav_computers_0,"SanDisk Ultra Dual Drive Go USB Type- C, Navagio Bay, India, 400MB/s 128GB, Mobile Pendrive",1099.00,Not Available,Not Available,Not Available
ref=zg_bs_nav_computers_0,Tommy Hilfiger Joshua 21 Ltrs Black Laptop Backpack (TH/JOSHUALAP01),1535.00,Not Available,Not Available,Not Available
ref=zg_bs_nav_computers_0,"TP-Link Archer AC1200 Archer C6 Wi-Fi Speed Up to 867 Mbps/5 GHz + 400Mbps/2.4 GHz, 5 Gigabit Ports, 4 External Antennas, MU-MIMO, Dual Band, WiFi Coverage with Access Point Mode, Black",2399.00,Not Available,Not Available,Not Available
ref=zg_bs_nav_computers_0,"Samsung Original Type C to C Cable - 3.28 Feet (1 Meter), Black",499.00,Not Available,Not Available,Not Available
ref=zg_bs_nav_computers_0,Gear Aspire 30L Medium Water Restant Office Laptop Backpack /Backpack for Men/Women (Black),1101.00,Not Available,Not Available,Not Available
ref=zg_bs_nav_computers_0,"ZEBRONICS MSP-X2 Mouse Pad, Smooth Micro Fiber Cloth with Stitched Edges, 260 x 210 x 2 mm, Anti Slip Rubber Base, for Gaming, Home and Office | for All Mouse Sensors",139.00,Not Available,Not Available,Not Available
ref=zg_bs_nav_computers_0,HP 680 Ink Cartridges Combo Pack (1 Black Cartridge + 1 tri-Color Cartridge),1683.00,Not Available,Not Available,Not Available
ref=zg_bs_nav_electronics_0,"Redmi A4 5G (Sparkle Purple, 4GB RAM, 128GB Storage) | Global Debut SD 4s Gen 2 | Segment Largest 6.88in 120Hz | 50MP Dual Camera | 18W Fast Charging",9498.00,Not Available,Not Available,Not Available
ref=zg_bs_nav_electronics_0,"iQOO Z9x 5G (Tornado Green, 6GB RAM, 128GB Storage) | Snapdragon 6 Gen 1 with 560k+ AnTuTu Score | 6000mAh Battery with 7.99mm Slim Design | 44W FlashCharge",13999.00,Not Available,Not Available,Not Available
ref=zg_bs_nav_electronics_0,"Oneplus Bullets Z2 Bluetooth Wireless in Ear Earphones with Mic, Bombastic Bass - 12.4 mm Drivers, 10 Mins Charge - 20 Hrs Music, 30 Hrs Battery Life, IP55 Dust and Water Resistant (Magico Black)",1508.00,Not Available,Not Available,Not Available
ref=zg_bs_nav_electronics_0,"OnePlus Nord Buds 2r True Wireless in Ear Earbuds with Mic, 12.4mm Drivers, Playback:Upto 38hr case,4-Mic Design, IP55 Rating [Deep Grey]",1998.00,Not Available,Not Available,Not Available
ref=zg_bs_nav_electronics_0,"iQOO Z9x 5G (Storm Grey, 6GB RAM, 128GB Storage) | Snapdragon 6 Gen 1 with 560k+ AnTuTu Score | 6000mAh Battery with 7.99mm Slim Design | 44W FlashCharge",13999.00,Not Available,Not Available,Not Available
ref=zg_bs_nav_electronics_0,"Apple 20W USB-C Power Adapter (for iPhone, iPad & AirPods)",1549.00,Not Available,Not Available,Not Available
ref=zg_bs_nav_electronics_0,boAt Bassheads 100 in Ear Wired Earphones with Mic(Black),399.00,Not Available,Not Available,Not Available
ref=zg_bs_nav_electronics_0,"OnePlus Bullets Z2 Bluetooth Wireless in Ear Earphones with Mic, Bombastic Bass - 12.4 Mm Drivers, 10 Mins Charge - 20 Hrs Music, 30 Hrs Battery Life (Jazz Green)",1399.00,Not Available,Not Available,Not Available
ref=zg_bs_nav_electronics_0,"boAt Rockerz 255 Pro+, 60HRS Battery, Fast Charge, IPX7, Dual Pairing, Low Latency, Magnetic Earbuds, Bluetooth Neckband, Wireless with Mic Earphones (Active Black)",1049.00,Not Available,Not Available,Not Available
ref=zg_bs_nav_electronics_0,"OnePlus Nord CE4 Lite 5G (Super Silver, 8GB RAM, 128GB Storage)",17999.00,Not Available,Not Available,Not Available
ref=zg_bs_nav_electronics_0,"OnePlus Nord Buds 2r True Wireless in Ear Earbuds with Mic, 12.4mm Drivers, Playback:Upto 38hr case,4-Mic Design, IP55 Rating [Triple Blue]",1699.00,Not Available,Not Available,Not Available
ref=zg_bs_nav_electronics_0,realme Buds 2 Wired in Ear Earphones with Mic (Black),599.00,Not Available,Not Available,Not Available
ref=zg_bs_nav_electronics_0,"OnePlus Nord Buds 2r True Wireless in Ear Earbuds with Mic, 12.4mm Drivers, Playback:Upto 38hr case,4-Mic Design, IP55 Rating [ Misty Grey ]",1999.00,Not Available,Not Available,Not Available
ref=zg_bs_nav_electronics_0,"iQOO Z9 Lite 5G (Aqua Flow, 6GB RAM, 128GB Storage) | Dimensity 6300 5G | 50MP Sony AI Camera | Charger in The Box",11499.00,Not Available,Not Available,Not Available
ref=zg_bs_nav_electronics_0,Fujifilm Instax Mini Picture Format Film (20 Shots),1299.00,Not Available,Not Available,Not Available
ref=zg_bs_nav_electronics_0,"OnePlus Bullets Z2 Bluetooth Wireless in Ear Earphones with Mic, Bombastic Bass - 12.4 Mm Drivers, 10 Mins Charge - 20 Hrs Music, 30 Hrs Battery Life (Beam Blue)",1399.00,Not Available,Not Available,Not Available
ref=zg_bs_nav_electronics_0,"boAt Rockerz 255 Z Plus, AI-ENx Tech, Spatial Audio, 50HRS Battery, Low Latency Mode, Fast Charge, App Support, IPX4, GFPS, BT v5.3, Bluetooth Neckband, Wireless With Mic Earphones (Classic Black)",999.00,Not Available,Not Available,Not Available
ref=zg_bs_nav_electronics_0,"iQOO Z9 Lite 5G (Mocha Brown, 6GB RAM, 128GB Storage) | Dimensity 6300 5G | 50MP Sony AI Camera | Charger in The Box",11499.00,Not Available,Not Available,Not Available
ref=zg_bs_nav_electronics_0,"realme NARZO N61 (Voyage Blue,4GB RAM+64GB Storage) 90Hz Eye Comfort Display | IP54 Dust & Water Resistance | 48-Month Fluency | Charger in The Box",7498.00,Not Available,Not Available,Not Available
ref=zg_bs_nav_electronics_0,Apple EarPods (USB-C),1549.00,Not Available,Not Available,Not Available
ref=zg_bs_nav_electronics_0,"Redmi A4 5G (Sparkle Purple, 4GB RAM, 64GB Storage) | Global Debut SD 4s Gen 2 | Segment Largest 6.88in 120Hz | 50MP Dual Camera | 18W Fast Charging",8498.00,Not Available,Not Available,Not Available
ref=zg_bs_nav_electronics_0,"Redmi 13C 5G (Starlight Black, 4GB RAM, 128GB Storage) | MediaTek Dimensity 6100+ 5G | 90Hz Display",9099.00,Not Available,Not Available,Not Available
ref=zg_bs_nav_electronics_0,"SanDisk Ultra 64GB microSDXC UHS-I, 140MB/s R, Memory Card, 10 Y Warranty, for Smartphones",539.00,Not Available,Not Available,Not Available
ref=zg_bs_nav_electronics_0,"boAt Airdopes 141, Low Latency, ENx Tech, 42HRS Battery, Fast Charge, IWP, IPX4, v5.1 Bluetooth Earbuds, TWS Ear Buds Wireless Earphones with mic (Bold Black)",999.00,Not Available,Not Available,Not Available
ref=zg_bs_nav_electronics_0,"Redmi A4 5G (Starry Black, 4GB RAM, 64GB Storage) | Global Debut SD 4s Gen 2 | Segment Largest 6.88in 120Hz | 50MP Dual Camera | 18W Fast Charging",8498.00,Not Available,Not Available,Not Available
ref=zg_bs_nav_electronics_0,"iQOO Z9s 5G (Onyx Green, 8GB RAM, 128GB Storage) | 120 Hz 3D Curved AMOLED Display | 5500 mAh Ultra-Thin Battery | Dimesity 7300 5G Processor | Sony IMX882 OIS Camera with Aura Light",19999.00,Not Available,Not Available,Not Available
ref=zg_bs_nav_electronics_0,"OnePlus Nord Buds 3 Pro Truly Wireless Bluetooth in Ear Earbuds with Upto 49Db Active Noise Cancellation,12.4Mm Dynamic Drivers,10Mins for 11Hrs Fast Charging with Upto 44Hrs Music Playback[Black]",3299.00,Not Available,Not Available,Not Available
ref=zg_bs_nav_electronics_0,"JBL C100SI Wired In Ear Headphones with Mic, JBL Pure Bass Sound, One Button Multi-function Remote, Premium Metallic Finish, Angled Buds for Comfort fit (Black)",599.00,Not Available,Not Available,Not Available
ref=zg_bs_nav_electronics_0,"boAt Aavante Bar 490 Bluetooth Soundbar 10W RMS Signature Sound,2.0 Channel,BTv5.1,Dual Full-Range Drivers, AUX, TF Card, USB, Upto 7 Hrs Playback,Built-in Mic,TWS Feature(Classic Black)",999.00,Not Available,Not Available,Not Available
ref=zg_bs_nav_electronics_0,"realme NARZO N61 (Marble Black,6GB RAM+128GB Storage) 90Hz Eye Comfort Display | IP54 Dust & Water Resistance | 48-Month Fluency | Charger in The Box",8498.00,Not Available,Not Available,Not Available
ref=zg_bs_nav_electronics_0,STRIFF Adjustable Laptop Tabletop Stand Patented Riser Ventilated Portable Foldable Compatible with MacBook Notebook Tablet Tray Desk Table Book with Free Phone Stand (Black),279.00,Not Available,Not Available,Not Available
ref=zg_bs_nav_electronics_0,"boAt Rockerz 425 Bluetooth Wireless Over Ear Headphones with Mic Signature Sound, Beast Mode for Gaming, Enx Tech, ASAP Charge, 25H Playtime, Bluetooth V5.2 (Active Black)",1099.00,Not Available,Not Available,Not Available
ref=zg_bs_nav_electronics_0,"SanDisk Ultra 128GB microSDXC UHS-I, 140MB/s R, Memory Card, 10 Y Warranty, for Smartphones",999.00,Not Available,Not Available,Not Available
ref=zg_bs_nav_electronics_0,"Samsung Original 25W Type-C Travel Adaptor Without Cable, White",1099.00,Not Available,Not Available,Not Available
ref=zg_bs_nav_electronics_0,"Dyazo 6 Angles Adjustable Aluminum Ergonomic Foldable Portable Tabletop Laptop/Desktop Riser Stand Holder Compatible for MacBook, HP, Dell, Lenovo & All Other Notebook (Silver)",399.00,Not Available,Not Available,Not Available
ref=zg_bs_nav_electronics_0,"OnePlus Bullets Wireless Z2 ANC Bluetooth in Ear Earphones with Mic, 45dB Hybrid ANC, Bombastic Bass - 12.4 mm Drivers, 10 Mins Charge - 20 Hrs Music, 28 Hrs Battery (Grand Green)",2299.00,Not Available,Not Available,Not Available
ref=zg_bs_nav_electronics_0,"Logitech M186 Wireless Mouse, 2.4GHz with USB Mini Receiver, 12-Month Battery Life, 1000 DPI Optical Tracking, Ambidextrous, Compatible with PC, Mac, Laptop",495.00,Not Available,Not Available,Not Available
ref=zg_bs_nav_electronics_0,"TP-Link AC750 Wifi Range Extender | Up to 750Mbps | Dual Band WiFi Extender, Repeater, Wifi Signal Booster, Access Point| Easy Set-Up | Extends Wifi to Smart Home & Alexa Devices (RE200)",1799.00,Not Available,Not Available,Not Available
ref=zg_bs_nav_electronics_0,"Zebronics ZEB-COUNTY 3W Wireless Bluetooth Portable Speaker With Supporting Carry Handle, USB, SD Card, AUX, FM & Call Function. (Black)",549.00,Not Available,Not Available,Not Available
ref=zg_bs_nav_electronics_0,"Portronics 51W Car Power 16 Fast Car Charger with Dual Output, 51 Watts Total (18W USB + 33W Type C PD), Fast Charging, Adapter for iPhone & Android Smartphones and Tablets (Black)",398.00,Not Available,Not Available,Not Available
ref=zg_bs_nav_electronics_0,"Portronics Toad 23 Wireless Optical Mouse with 2.4GHz, USB Nano Dongle, Optical Orientation, Click Wheel, Adjustable DPI(Black)",290.00,Not Available,Not Available,Not Available
ref=zg_bs_nav_electronics_0,"OnePlus Nord CE4 Lite 5G (Mega Blue, 8GB RAM, 128GB Storage)",17999.00,Not Available,Not Available,Not Available
ref=zg_bs_nav_electronics_0,"realme NARZO 70x 5G (Ice Blue, 8GB RAM,128GB Storage)|120Hz Ultra Smooth Display|Dimensity 6100+ 6nm 5G|50MP AI Camera|45W Charger in The Box",13998.00,Not Available,Not Available,Not Available
ref=zg_bs_nav_electronics_0,"realme NARZO 70 Turbo 5G (Turbo Yellow,6GB RAM,128GB Storage) | Segment's Fastest Dimensity 7300 Energy 5G Chipset | Motorsports Inspired Design",16998.00,Not Available,Not Available,Not Available
ref=zg_bs_nav_electronics_0,"JioBharat V2 4G Phone with JioCinema, JioSaavn, Pay (UPI), Long Lasting Battery, LED Torch, Digital Camera | Blue | Locked for JioNetwork",699.00,Not Available,Not Available,Not Available
ref=zg_bs_nav_electronics_0,"iQOO Z9x 5G (Tornado Green, 4GB RAM, 128GB Storage) | Snapdragon 6 Gen 1 with 560k+ AnTuTu Score | 6000mAh Battery with 7.99mm Slim Design | 44W FlashCharge",12499.00,Not Available,Not Available,Not Available
ref=zg_bs_nav_electronics_0,"iQOO Z9 Lite 5G (Mocha Brown, 4GB RAM, 128GB Storage) | Dimensity 6300 5G | 50MP Sony AI Camera | Charger in The Box",10499.00,Not Available,Not Available,Not Available
ref=zg_bs_nav_electronics_0,"Boult Newly Launched K10 Truly Wireless in Ear Ear Buds with 50H Playtime, 4 Mics Clear Calling, 45ms Low Latency, Type-C Fast Charging, IPX5, Made in India TWS Earbuds Bluetooth Wireless (Ice Blue)",899.00,Not Available,Not Available,Not Available
ref=zg_bs_nav_electronics_0,"CP PLUS 2MP Full HD Smart Wi-Fi CCTV Home Security Camera | 360° with Pan Tilt | View & Talk | Motion Alert | Night Vision | SD Card (Upto 128 GB), Alexa & Google Support | IR Distance 10mtr | CP-E25A",1199.00,Not Available,Not Available,Not Available
ref=zg_bs_nav_electronics_0,"ZEBRONICS Zeb-Bro in Ear Wired Earphones with Mic, 3.5mm Audio Jack, 10mm Drivers, Phone/Tablet Compatible(Blue) (Black)",168.00,Not Available,Not Available,Not Available
ref=zg_bs_nav_electronics_0,"Safari Omega spacious/large laptop backpack with Raincover, college bag, travel bag for men and women, Black, 30 Litre",649.00,Not Available,Not Available,Not Available
ref=zg_bs_nav_electronics_0,"Dell MS116 Wired Optical Mouse, 1000DPI, LED Tracking, Scrolling Wheel, Plug and Play",309.00,Not Available,Not Available,Not Available
ref=zg_bs_nav_electronics_0,"HP v236w USB 2.0 64GB Pen Drive,",399.00,Not Available,Not Available,Not Available
ref=zg_bs_nav_electronics_0,"boAt Rockerz 450, 15 HRS Battery, 40mm Drivers, Padded Ear Cushions, Integrated Controls, Dual Modes, Bluetooth Headphones, Wireless Headphone with Mic (Luscious Black)",1499.00,Not Available,Not Available,Not Available
ref=zg_bs_nav_electronics_0,"boAt Rockerz 255 Pro+, 60HRS Battery, Fast Charge, IPX7, Dual Pairing, Low Latency, Magnetic Earbuds, Bluetooth Neckband, Wireless with Mic Earphones (Teal Green)",1049.00,Not Available,Not Available,Not Available
ref=zg_bs_nav_electronics_0,"boAt Rockerz 255 Pro+, 60HRS Battery, Fast Charge, IPX7, Dual Pairing, Low Latency, Magnetic Earbuds, Bluetooth Neckband, Wireless with Mic Earphones (Navy Blue)",1049.00,Not Available,Not Available,Not Available
ref=zg_bs_nav_electronics_0,"Boult Audio W20 Truly Wireless in Ear Earbuds with 35H Playtime, Zen™ ENC Mic, 45ms Low Latency, 13mm Bass Drivers, Type-C Fast Charging, Made in India, Touch Control, IPX5 ear buds TWS (Glacier Blue)",849.00,Not Available,Not Available,Not Available
ref=zg_bs_nav_electronics_0,"Fastrack Limitless Glide Smart Watch, Advanced UltraVU HD Display, SingleSync BT Calling, Advance Chipset, 85+ Sports Modes & Smartwatch Faces, AI Voice Assistant, 24 * 7 Health Suite, IP67 (Black)",1397.00,Not Available,Not Available,Not Available
